jour,Heure,TitreSpectacle,Lieu,Village,Compagnie,P,R,O,SJ,SA,E
﻿"﻿samedi 03 août 2019",14h30,"Le mariage","Manoir des noix",Veauce,"La Compagnie de l’Élan",8,3,1,0,0,0
﻿"﻿samedi 03 août 2019",17h00,"Titre Provisoire","Manoir des noix",Veauce,Alterthéâtre,9,8,8,2,3,0
﻿"﻿samedi 03 août 2019",20h30,"Le prophète","Manoir des noix",Veauce,"Le Théâtre du partage",15,2,0,4,6,0
﻿"﻿samedi 03 août 2019",14h30,"Les soliloques de Mariette","Château de Lachaise","Monétay sur Allier",labelles&cie,6,0,0,0,0,0
﻿"﻿samedi 03 août 2019",17h00,"La demande en mariage et L’ours","Château de Lachaise","Monétay sur Allier","L’Ecume des ours",30,5,0,0,0,1
﻿"﻿samedi 03 août 2019",20h30,"Fricassée de berniques sur lit de Prévert","Château de Lachaise","Monétay sur Allier",labelles&cie,21,10,0,0,2,0
﻿"﻿samedi 03 août 2019",14h30,"La gloire de mon père","Château d’Idogne","Monteignet sur l’Andelot",L’Accompagnie,33,9,0,0,0,12
﻿"﻿samedi 03 août 2019",17h00,"Le château de ma mère","Château d’Idogne","Monteignet sur l’Andelot",L’Accompagnie,27,2,3,0,0,0
﻿"﻿dimanche 04 août 2019",14h30,"La gloire de mon père","Manoir des noix",Veauce,L’Accompagnie,21,0,2,3,2,3
﻿"﻿dimanche 04 août 2019",17h00,"Le château de ma mère","Manoir des noix",Veauce,L’Accompagnie,22,2,0,3,2,0
﻿"﻿dimanche 04 août 2019",20h30,"Les soliloques de Mariette","Manoir des noix",Veauce,labelles&cie,31,1,0,1,1,1
﻿"﻿dimanche 04 août 2019",14h30,"Mademoiselle Julie","Château de Lachaise","Monétay sur Allier","L’Ecume des ours",11,1,0,0,0,0
﻿"﻿dimanche 04 août 2019",17h00,"Titre Provisoire","Château de Lachaise","Monétay sur Allier",Alterthéâtre,12,1,0,0,0,0
﻿"﻿dimanche 04 août 2019",20h30,"Hugo es tu là?","Château de Lachaise","Monétay sur Allier","TIM La Parade",32,6,0,1,1,6
﻿"﻿dimanche 04 août 2019",14h30,Hier,"Château d’Idogne","Monteignet sur l’Andelot","La Compagnie de l’Élan",21,4,0,0,0,1
﻿"﻿dimanche 04 août 2019",17h00,L’avenir,"Château d’Idogne","Monteignet sur l’Andelot","Des ils et des elles",46,2,1,0,0,1
﻿"﻿dimanche 04 août 2019",20h30,"Le marchand de Venise","Domaine de la Quérye","Monteignet sur l’Andelot","La Compagnie de l’Élan",70,20,5,0,2,4
